Surname,Name,Age,User
Smith,Sarah,30,1
Picard,Francine,32,2
Roth,Hans,40,3
Pomme,Ali,28,4
Di Lillo,Jordi,42,5
Roth,Anna,26,6
Kirk,Jordi,56,7
Beierlorzer,Josie,20,8
Picard,Robert,39,9
Meier,Jean-Luc,37,10
Kirk,Josie,31,11
Wellington,Sarah,40,12
Meier,Francine,32,13
Pomme,Anna,41,14
Smith,Zoe,26,15
Thronton,Thomas,17,16
Meier,Sarah,51,17
Smith,Thomas,33,18
Stephenson,Hans,49,19
Smith,Sarah,21,20
Wellington,Jordi,43,21
Picard,Jordi,35,22
Stephenson,Simon,54,23
Gwahsi,Sarah,22,24
Di Lillo,Thomas,48,25
Beierlorzer,Jean-Luc,28,26
Kirk,Jordi,34,27
Di Lillo,Alok,31,28
Roth,Franz,38,29
Picard,Andreas,21,30
Thronton,Ali,31,31
Roth,Hans,42,32
Beierlorzer,Zoe,24,33
Thronton,Alok,38,34
Gwahsi,Simon,22,35
Bond,Agaba,16,36
Pomme,Thomas,29,37
Thronton,Simon,44,38
Bond,Ali,40,39
Stephenson,Andreas,46,40
Bond,Andreas,36,41
Wellington,Robert,52,42
Bond,Simon,38,43
Stephenson,Agaba,29,44
Gwahsi,Alok,31,45
Beierlorzer,Francine,43,46
Picard,Sarah,23,47
Gwahsi,Ali,24,48
Wellington,Zoe,47,49
Picard,Hans,27,50
Gwahsi,Jordi,19,51
Roth,Jordi,41,52
Bond,Jordi,33,53
Picard,Sarah,25,54
Thronton,Francine,33,55
Wellington,Zoe,34,56
Thronton,Zoe,45,57
Mueller,Franz,19,58
Picard,Hans,58,59
Picard,Hans,41,60
Kirk,Andreas,29,61
Pomme,Jordi,38,62
Beierlorzer,Jordi,29,63
Di Lillo,Lee,38,64
Meier,Francine,50,65
Bond,Zoe,33,66
Gwahsi,Agaba,51,67
Pomme,Andreas,35,68
Bond,Ali,40,69
Mueller,Hans,38,70
Beierlorzer,Ali,20,71
Stephenson,Alok,44,72
Smith,Ali,25,73
Stephenson,Francine,39,74
Bond,Alok,33,75
Picard,Zoe,35,76
Roth,Jean-Luc,40,77
Kirk,Robert,35,78
Stephenson,Jean-Luc,30,79
Stephenson,Anna,40,80
Thronton,Alok,30,81
Roth,Robert,43,82
Stephenson,Ali,36,83
Kirk,Simon,28,84
Smith,Sarah,49,85
Beierlorzer,Jordi,9,86
Di Lillo,Agaba,18,87
Stephenson,Jean-Luc,37,88
Stephenson,Simon,39,89
Thronton,Jean-Luc,43,90
Bond,Jean-Luc,24,91
Kirk,Andreas,40,92
Thronton,Thomas,24,93
Pomme,Franz,38,94
Mueller,Anna,22,95
Stephenson,Alok,53,96
Picard,Lee,42,97
Bond,Anna,27,98
Meier,Thomas,29,99
Mueller,Franz,26,100
Bond,Anna,41,101
Mueller,Agaba,30,102
Pomme,Andreas,19,103
Wellington,Agaba,27,104
Beierlorzer,Agaba,32,105
Smith,Andreas,34,106
Smith,Simon,34,107
Roth,Zoe,36,108
Bond,Agaba,38,109
Picard,Robert,35,110
Gwahsi,Anna,42,111
Picard,Robert,29,112
Pomme,Agaba,28,113
Pomme,Zoe,31,114
Pomme,Alok,15,115
Thronton,Hans,31,116
Bond,Josie,48,117
Gwahsi,Andreas,13,118
Pomme,Timothy,26,119
Pomme,Josie,45,120
Bond,Lee,14,121
Gwahsi,Simon,26,122
Pomme,Ali,36,123
Bond,Sarah,27,124
Mueller,Alok,43,125
Stephenson,Josie,57,126
Smith,Francine,31,127
Di Lillo,Thomas,35,128
Bond,Sarah,43,129
Kirk,Jordi,14,130
Mueller,Franz,43,131
Meier,Thomas,46,132
Roth,Thomas,39,133
Kirk,Zoe,44,134
Picard,Andreas,33,135
Thronton,Jean-Luc,30,136
Mueller,Timothy,36,137
Picard,Agaba,34,138
Stephenson,Franz,10,139
Gwahsi,Jordi,29,140
Wellington,Hans,18,141
Kirk,Alok,33,142
Picard,Agaba,28,143
Stephenson,Franz,24,144
Picard,Lee,30,145
Stephenson,Jordi,33,146
Thronton,Francine,41,147
Picard,Francine,35,148
Pomme,Hans,41,149
Pomme,Jean-Luc,31,150
Wellington,Simon,45,151
Picard,Andreas,38,152
Bond,Agaba,26,153
Beierlorzer,Franz,37,154
Picard,Thomas,20,155
Stephenson,Simon,23,156
Meier,Lee,18,157
Bond,Josie,32,158
Gwahsi,Lee,34,159
Pomme,Ali,21,160
Picard,Thomas,26,161
Picard,Sarah,18,162
Thronton,Agaba,47,163
Gwahsi,Jean-Luc,27,164
Beierlorzer,Sarah,50,165
Mueller,Simon,48,166
Stephenson,Lee,34,167
Gwahsi,Robert,42,168
Meier,Jean-Luc,41,169
Meier,Francine,36,170
Meier,Francine,32,171
Bond,Sarah,44,172
Roth,Zoe,30,173
Smith,Jean-Luc,22,174
Smith,Agaba,36,175
Pomme,Jordi,43,176
Beierlorzer,Jean-Luc,45,177
Mueller,Simon,31,178
Beierlorzer,Timothy,42,179
Thronton,Jean-Luc,30,180
Beierlorzer,Thomas,9,181
Meier,Robert,39,182
Mueller,Zoe,49,183
Thronton,Francine,26,184
Picard,Andreas,20,185
Picard,Josie,50,186
Kirk,Jordi,39,187
Bond,Jean-Luc,46,188
Smith,Alok,23,189
Kirk,Jordi,22,190
Smith,Alok,36,191
Di Lillo,Sarah,52,192
Pomme,Andreas,22,193
Mueller,Franz,42,194
Kirk,Josie,29,195
Meier,Zoe,29,196
Bond,Ali,37,197
Stephenson,Ali,24,198
Roth,Agaba,19,199
Bond,Jean-Luc,29,200
Stephenson,Francine,38,201
Kirk,Thomas,36,202
Bond,Sarah,40,203
Smith,Thomas,46,204
Beierlorzer,Alok,42,205
Kirk,Agaba,44,206
Picard,Jordi,55,207
Beierlorzer,Jordi,41,208
Beierlorzer,Lee,46,209
Bond,Jordi,28,210
Thronton,Timothy,38,211
Roth,Anna,25,212
Beierlorzer,Andreas,43,213
Gwahsi,Jordi,29,214
Kirk,Lee,37,215
Meier,Agaba,45,216
Stephenson,Anna,24,217
Picard,Francine,49,218
Wellington,Hans,35,219
Roth,Simon,27,220
Thronton,Jean-Luc,24,221
Picard,Andreas,29,222
Gwahsi,Simon,39,223
Di Lillo,Timothy,27,224
Roth,Franz,48,225
Kirk,Jean-Luc,36,226
Di Lillo,Timothy,27,227
Pomme,Zoe,43,228
Mueller,Jean-Luc,30,229
Picard,Jordi,39,230
Roth,Jordi,37,231
Mueller,Robert,33,232
Smith,Hans,31,233
Gwahsi,Timothy,27,234
Beierlorzer,Anna,36,235
Beierlorzer,Hans,18,236
Mueller,Franz,38,237
Meier,Thomas,36,238
Smith,Josie,30,239
Beierlorzer,Jordi,27,240
Di Lillo,Thomas,30,241
Roth,Robert,37,242
Kirk,Lee,44,243
Meier,Agaba,42,244
Thronton,Anna,32,245
Pomme,Simon,57,246
Meier,Thomas,37,247
Gwahsi,Jordi,30,248
Mueller,Jean-Luc,44,249
Gwahsi,Josie,41,250
Kirk,Francine,50,251
Thronton,Zoe,23,252
Smith,Sarah,36,253
Smith,Hans,12,254
Beierlorzer,Thomas,27,255
Bond,Andreas,51,256
Di Lillo,Robert,44,257
Pomme,Agaba,42,258
Mueller,Anna,32,259
Roth,Anna,53,260
Thronton,Jean-Luc,15,261
Stephenson,Anna,51,262
Mueller,Simon,36,263
Pomme,Simon,33,264
Mueller,Thomas,19,265
Smith,Jordi,38,266
Smith,Agaba,45,267
Pomme,Thomas,21,268
Mueller,Lee,26,269
Stephenson,Anna,17,270
Picard,Francine,42,271
Bond,Anna,34,272
Di Lillo,Ali,37,273
Meier,Zoe,35,274
Bond,Josie,52,275
Di Lillo,Thomas,37,276
Picard,Thomas,27,277
Wellington,Sarah,36,278
Kirk,Simon,54,279
Roth,Timothy,35,280
Beierlorzer,Ali,44,281
Di Lillo,Alok,40,282
Beierlorzer,Alok,24,283
Beierlorzer,Jean-Luc,44,284
Meier,Thomas,38,285
Meier,Lee,42,286
Stephenson,Timothy,24,287
Mueller,Francine,20,288
Gwahsi,Agaba,38,289
Gwahsi,Jordi,32,290
Thronton,Hans,50,291
Thronton,Jean-Luc,48,292
Roth,Ali,44,293
Beierlorzer,Timothy,22,294
Beierlorzer,Zoe,24,295
Picard,Timothy,35,296
Gwahsi,Lee,24,297
Mueller,Jordi,37,298
Kirk,Zoe,35,299
Stephenson,Zoe,28,300
Bond,Thomas,28,301
Mueller,Anna,40,302
Kirk,Anna,21,303
Beierlorzer,Francine,34,304
Gwahsi,Agaba,47,305
Di Lillo,Jordi,33,306
Picard,Ali,59,307
Wellington,Hans,31,308
Picard,Jordi,33,309
Beierlorzer,Josie,31,310
Pomme,Francine,15,311
Pomme,Agaba,23,312
Wellington,Andreas,33,313
Beierlorzer,Simon,28,314
Picard,Anna,33,315
Stephenson,Sarah,15,316
Kirk,Zoe,24,317
Smith,Lee,18,318
Di Lillo,Andreas,28,319
Stephenson,Andreas,52,320
Smith,Ali,48,321
Mueller,Jordi,17,322
Stephenson,Zoe,37,323
Meier,Anna,45,324
Gwahsi,Agaba,31,325
Picard,Zoe,22,326
Thronton,Simon,40,327
Bond,Anna,18,328
Roth,Sarah,19,329
Smith,Thomas,36,330
Roth,Jean-Luc,25,331
Mueller,Zoe,38,332
Kirk,Agaba,35,333
Bond,Andreas,38,334
Wellington,Simon,33,335
Thronton,Zoe,31,336
Mueller,Anna,41,337
Bond,Thomas,38,338
Picard,Zoe,30,339
Roth,Sarah,17,340
Smith,Josie,31,341
Stephenson,Alok,29,342
Mueller,Franz,26,343
Wellington,Sarah,18,344
Roth,Alok,25,345
Bond,Sarah,28,346
Gwahsi,Robert,31,347
Bond,Francine,38,348
Picard,Robert,34,349
Mueller,Josie,17,350
Wellington,Robert,44,351
Smith,Francine,40,352
Di Lillo,Jean-Luc,26,353
Beierlorzer,Josie,28,354
Meier,Zoe,49,355
Meier,Agaba,29,356
Meier,Agaba,21,357
Gwahsi,Robert,37,358
Bond,Josie,34,359
Di Lillo,Zoe,17,360
Thronton,Robert,44,361
Picard,Timothy,54,362
Picard,Robert,34,363
Stephenson,Timothy,41,364
Thronton,Francine,33,365
Mueller,Josie,42,366
Gwahsi,Jordi,36,367
Gwahsi,Alok,32,368
Picard,Alok,43,369
Roth,Jean-Luc,35,370
Kirk,Anna,43,371
Mueller,Simon,35,372
Pomme,Simon,47,373
Beierlorzer,Francine,55,374
Wellington,Jean-Luc,23,375
Pomme,Jordi,26,376
Picard,Andreas,30,377
Mueller,Robert,33,378
Beierlorzer,Franz,28,379
Smith,Jordi,34,380
Beierlorzer,Agaba,32,381
Mueller,Jordi,26,382
Picard,Ali,34,383
Picard,Franz,35,384
Stephenson,Andreas,46,385
Thronton,Zoe,45,386
Di Lillo,Jean-Luc,35,387
Smith,Franz,50,388
Kirk,Francine,23,389
Mueller,Jordi,47,390
Thronton,Anna,15,391
Thronton,Anna,28,392
Stephenson,Alok,16,393
Picard,Thomas,47,394
Beierlorzer,Robert,30,395
Pomme,Alok,12,396
Picard,Timothy,31,397
Mueller,Andreas,33,398
Meier,Jean-Luc,42,399
Beierlorzer,Agaba,24,400
Stephenson,Andreas,15,401
Beierlorzer,Jean-Luc,48,402
Di Lillo,Jean-Luc,50,403
Roth,Robert,30,404
Wellington,Franz,32,405
Gwahsi,Franz,51,406
Picard,Franz,29,407
Pomme,Andreas,29,408
Kirk,Simon,25,409
Bond,Robert,36,410
Mueller,Josie,34,411
Beierlorzer,Robert,34,412
Di Lillo,Andreas,17,413
Roth,Zoe,35,414
Beierlorzer,Timothy,30,415
Smith,Josie,23,416
Gwahsi,Robert,25,417
Thronton,Franz,29,418
Roth,Francine,15,419
Gwahsi,Sarah,40,420
Meier,Jordi,40,421
Gwahsi,Josie,36,422
Picard,Timothy,28,423
Kirk,Lee,53,424
Gwahsi,Josie,19,425
Di Lillo,Andreas,44,426
Pomme,Anna,30,427
Stephenson,Jean-Luc,20,428
Smith,Ali,22,429
Smith,Lee,38,430
Di Lillo,Ali,33,431
Wellington,Timothy,27,432
Thronton,Timothy,39,433
Di Lillo,Zoe,27,434
Di Lillo,Lee,43,435
Wellington,Anna,35,436
Kirk,Josie,23,437
Gwahsi,Timothy,28,438
Smith,Thomas,37,439
Beierlorzer,Lee,39,440
Beierlorzer,Ali,31,441
Beierlorzer,Josie,30,442
Wellington,Lee,20,443
Mueller,Ali,35,444
Di Lillo,Hans,47,445
Kirk,Lee,35,446
Pomme,Jordi,31,447
Pomme,Zoe,19,448
Mueller,Simon,17,449
Beierlorzer,Zoe,19,450
Beierlorzer,Lee,25,451
Kirk,Sarah,29,452
Thronton,Francine,22,453
Mueller,Ali,35,454
Gwahsi,Thomas,33,455
Di Lillo,Josie,46,456
Stephenson,Simon,19,457
Mueller,Ali,28,458
Beierlorzer,Timothy,38,459
Picard,Franz,55,460
Roth,Lee,51,461
Pomme,Jean-Luc,29,462
Mueller,Robert,30,463
Smith,Lee,30,464
Bond,Hans,14,465
Stephenson,Francine,27,466
Stephenson,Jean-Luc,32,467
Smith,Thomas,38,468
Wellington,Josie,39,469
Meier,Jordi,16,470
Meier,Anna,37,471
Smith,Agaba,27,472
Roth,Anna,39,473
Meier,Jean-Luc,29,474
Gwahsi,Zoe,39,475
Di Lillo,Zoe,33,476
Bond,Hans,38,477
Beierlorzer,Zoe,44,478
Meier,Andreas,8,479
Pomme,Andreas,29,480
Meier,Ali,34,481
Pomme,Lee,39,482
Gwahsi,Thomas,24,483
Stephenson,Hans,14,484
Thronton,Josie,51,485
Roth,Franz,41,486
Kirk,Francine,37,487
Beierlorzer,Josie,36,488
Gwahsi,Francine,24,489
Pomme,Zoe,47,490
Thronton,Alok,30,491
Smith,Jean-Luc,43,492
Beierlorzer,Francine,35,493
Roth,Alok,31,494
Beierlorzer,Lee,27,495
Roth,Alok,23,496
Wellington,Sarah,43,497
Kirk,Zoe,21,498
Wellington,Alok,26,499
Picard,Ali,12,500
Wellington,Robert,41,501
Roth,Zoe,40,502
Gwahsi,Andreas,28,503
Wellington,Franz,28,504
Bond,Jordi,32,505
Wellington,Zoe,32,506
Roth,Francine,36,507
Wellington,Hans,24,508
Picard,Hans,36,509
Mueller,Josie,31,510
Bond,Hans,33,511
Meier,Thomas,35,512
Picard,Lee,40,513
Roth,Franz,30,514
Roth,Josie,18,515
Wellington,Josie,57,516
Wellington,Simon,40,517
Meier,Alok,31,518
Wellington,Zoe,34,519
Kirk,Anna,46,520
Smith,Lee,42,521
Di Lillo,Lee,32,522
Picard,Timothy,21,523
Wellington,Alok,32,524
Thronton,Agaba,27,525
Kirk,Francine,32,526
Kirk,Thomas,49,527
Roth,Anna,36,528
Pomme,Timothy,48,529
Gwahsi,Francine,29,530
Bond,Andreas,30,531
Gwahsi,Thomas,51,532
Meier,Andreas,43,533
Di Lillo,Agaba,40,534
Smith,Sarah,32,535
Pomme,Jean-Luc,39,536
Beierlorzer,Francine,49,537
Wellington,Hans,23,538
Mueller,Simon,14,539
Wellington,Jordi,39,540
Thronton,Jean-Luc,33,541
Wellington,Sarah,19,542
Meier,Timothy,45,543
Kirk,Jordi,42,544
Di Lillo,Simon,29,545
Meier,Thomas,43,546
Meier,Robert,33,547
Pomme,Simon,25,548
Smith,Franz,21,549
Di Lillo,Simon,44,550
Di Lillo,Alok,48,551
Gwahsi,Hans,41,552
Roth,Robert,35,553
Kirk,Alok,49,554
Di Lillo,Andreas,13,555
Stephenson,Agaba,53,556
Thronton,Jordi,37,557
Wellington,Ali,62,558
Smith,Josie,23,559
Pomme,Andreas,34,560
Smith,Agaba,31,561
Pomme,Zoe,38,562
Mueller,Sarah,24,563
Thronton,Francine,25,564
Smith,Francine,46,565
Bond,Franz,30,566
Thronton,Alok,33,567
Roth,Sarah,29,568
Kirk,Thomas,14,569
Kirk,Francine,39,570
Wellington,Franz,44,571
Bond,Andreas,28,572
Kirk,Jordi,39,573
Picard,Zoe,42,574
Smith,Robert,45,575
Mueller,Ali,35,576
Thronton,Simon,19,577
Kirk,Andreas,44,578
Meier,Lee,45,579
Meier,Jean-Luc,49,580
Picard,Anna,43,581
Pomme,Robert,26,582
Bond,Sarah,41,583
Wellington,Anna,24,584
Beierlorzer,Jean-Luc,42,585
Picard,Lee,49,586
Smith,Anna,44,587
Di Lillo,Ali,43,588
Beierlorzer,Alok,33,589
Thronton,Zoe,32,590
Bond,Zoe,39,591
Kirk,Thomas,37,592
Roth,Anna,39,593
Kirk,Anna,28,594
Meier,Anna,10,595
Smith,Sarah,39,596
Kirk,Alok,51,597
Beierlorzer,Franz,22,598
Stephenson,Francine,40,599
Di Lillo,Andreas,33,600
Stephenson,Francine,36,601
Mueller,Franz,31,602
Roth,Thomas,16,603
Smith,Jean-Luc,51,604
Mueller,Agaba,15,605
Stephenson,Hans,39,606
Picard,Andreas,25,607
Picard,Agaba,28,608
Beierlorzer,Hans,44,609
Roth,Jordi,40,610
Thronton,Jean-Luc,42,611
Smith,Timothy,30,612
Kirk,Josie,32,613
Smith,Lee,42,614
Mueller,Sarah,28,615
Meier,Ali,30,616
Beierlorzer,Sarah,38,617
Gwahsi,Agaba,32,618
Bond,Andreas,44,619
Beierlorzer,Josie,48,620
Kirk,Simon,45,621
Mueller,Hans,32,622
Kirk,Sarah,36,623
Pomme,Alok,21,624
Beierlorzer,Robert,30,625
Kirk,Timothy,27,626
Wellington,Sarah,27,627
Wellington,Jordi,34,628
Di Lillo,Franz,44,629
Wellington,Timothy,20,630
Meier,Anna,29,631
Meier,Josie,22,632
Pomme,Zoe,29,633
Picard,Ali,41,634
Di Lillo,Hans,39,635
Meier,Andreas,44,636
Wellington,Simon,34,637
Beierlorzer,Francine,27,638
Stephenson,Francine,40,639
Di Lillo,Jordi,36,640
Gwahsi,Anna,49,641
Mueller,Ali,5,642
Mueller,Simon,40,643
Wellington,Lee,22,644
Meier,Jordi,38,645
Thronton,Ali,32,646
Meier,Hans,16,647
Wellington,Josie,19,648
Di Lillo,Anna,51,649
Wellington,Andreas,33,650
Beierlorzer,Sarah,29,651
Roth,Simon,40,652
Kirk,Alok,18,653
Bond,Sarah,46,654
Di Lillo,Thomas,18,655
Mueller,Simon,27,656
Gwahsi,Sarah,32,657
Smith,Jean-Luc,44,658
Pomme,Josie,45,659
Beierlorzer,Lee,31,660
Kirk,Francine,36,661
Roth,Jordi,45,662
Kirk,Hans,36,663
Picard,Zoe,46,664
Kirk,Josie,22,665
Smith,Lee,10,666
Kirk,Lee,38,667
Mueller,Ali,42,668
Bond,Sarah,22,669
Smith,Thomas,30,670
Smith,Thomas,41,671
Di Lillo,Simon,53,672
Gwahsi,Agaba,29,673
Pomme,Alok,56,674
Gwahsi,Simon,25,675
Gwahsi,Andreas,55,676
Beierlorzer,Jean-Luc,48,677
Kirk,Andreas,28,678
Pomme,Josie,35,679
Kirk,Jordi,35,680
Bond,Robert,22,681
Pomme,Robert,40,682
Kirk,Jean-Luc,48,683
Gwahsi,Zoe,44,684
Pomme,Agaba,42,685
Mueller,Robert,40,686
Pomme,Josie,46,687
Mueller,Sarah,37,688
Thronton,Timothy,12,689
Di Lillo,Robert,29,690
Roth,Francine,38,691
Meier,Lee,41,692
Thronton,Hans,22,693
Pomme,Lee,32,694
Bond,Agaba,49,695
Pomme,Hans,20,696
Roth,Zoe,37,697
Kirk,Hans,28,698
Pomme,Jordi,31,699
Meier,Anna,27,700
Beierlorzer,Andreas,22,701
Bond,Josie,45,702
Mueller,Ali,30,703
Smith,Ali,47,704
Di Lillo,Franz,37,705
Mueller,Andreas,52,706
Stephenson,Franz,34,707
Mueller,Anna,29,708
Bond,Agaba,24,709
Pomme,Franz,40,710
Bond,Zoe,29,711
Stephenson,Josie,37,712
Stephenson,Thomas,17,713
Wellington,Agaba,22,714
Thronton,Josie,30,715
Stephenson,Thomas,33,716
Bond,Franz,24,717
Stephenson,Alok,40,718
Bond,Josie,31,719
Bond,Robert,43,720
Kirk,Alok,30,721
Mueller,Hans,35,722
Kirk,Agaba,50,723
Pomme,Sarah,36,724
Meier,Thomas,8,725
Beierlorzer,Agaba,39,726
Thronton,Timothy,41,727
Meier,Agaba,25,728
Wellington,Anna,50,729
Picard,Timothy,35,730
Beierlorzer,Simon,44,731
Pomme,Alok,28,732
Wellington,Anna,56,733
Smith,Hans,48,734
Pomme,Andreas,39,735
Gwahsi,Anna,43,736
Beierlorzer,Francine,28,737
Gwahsi,Zoe,49,738
Stephenson,Hans,44,739
Wellington,Anna,14,740
Bond,Alok,36,741
Picard,Lee,26,742
Thronton,Lee,36,743
Meier,Zoe,26,744
Bond,Agaba,10,745
Di Lillo,Robert,19,746
Di Lillo,Timothy,34,747
Picard,Timothy,37,748
Roth,Jordi,57,749
Wellington,Timothy,40,750
Thronton,Robert,35,751
Roth,Timothy,47,752
Roth,Alok,30,753
Wellington,Hans,35,754
Roth,Ali,35,755
Picard,Anna,51,756
Thronton,Josie,33,757
Bond,Josie,32,758
Bond,Josie,31,759
Stephenson,Anna,35,760
Smith,Robert,26,761
Wellington,Jordi,30,762
Pomme,Sarah,36,763
Beierlorzer,Thomas,35,764
Thronton,Ali,26,765
Thronton,Alok,22,766
Picard,Sarah,38,767
Stephenson,Sarah,27,768
Beierlorzer,Zoe,31,769
Kirk,Zoe,39,770
Mueller,Sarah,30,771
Mueller,Josie,53,772
Bond,Hans,36,773
Di Lillo,Josie,41,774
Beierlorzer,Robert,24,775
Meier,Agaba,39,776
Picard,Zoe,30,777
Meier,Robert,35,778
Di Lillo,Agaba,30,779
Kirk,Lee,37,780
Smith,Thomas,14,781
Meier,Franz,38,782
Pomme,Hans,18,783
Smith,Josie,27,784
Wellington,Thomas,22,785
Di Lillo,Robert,28,786
Smith,Franz,29,787
Thronton,Josie,18,788
Di Lillo,Franz,25,789
Stephenson,Ali,21,790
Beierlorzer,Thomas,34,791
Thronton,Simon,38,792
Bond,Jordi,42,793
Thronton,Timothy,35,794
Picard,Agaba,25,795
Picard,Alok,43,796
Pomme,Jean-Luc,32,797
Wellington,Andreas,34,798
Beierlorzer,Simon,29,799
Beierlorzer,Franz,27,800
Roth,Timothy,24,801
Di Lillo,Alok,38,802
Beierlorzer,Alok,9,803
Bond,Sarah,56,804
Smith,Josie,26,805
Beierlorzer,Agaba,49,806
Di Lillo,Timothy,49,807
Di Lillo,Zoe,40,808
Picard,Robert,44,809
Beierlorzer,Jean-Luc,33,810
Beierlorzer,Alok,49,811
Kirk,Agaba,35,812
Mueller,Ali,43,813
Meier,Andreas,35,814
Wellington,Ali,44,815
Kirk,Alok,32,816
Gwahsi,Lee,44,817
Smith,Zoe,41,818
Gwahsi,Andreas,28,819
Meier,Sarah,42,820
Roth,Francine,15,821
Pomme,Francine,36,822
Smith,Anna,29,823
Stephenson,Robert,39,824
Roth,Agaba,12,825
Picard,Francine,28,826
Roth,Alok,41,827
Meier,Thomas,48,828
Stephenson,Simon,24,829
Roth,Timothy,40,830
Kirk,Josie,47,831
Wellington,Timothy,35,832
Meier,Timothy,46,833
Meier,Robert,51,834
Picard,Francine,31,835
Di Lillo,Timothy,38,836
Gwahsi,Robert,33,837
Thronton,Zoe,42,838
Roth,Zoe,47,839
Roth,Jordi,37,840
Beierlorzer,Zoe,37,841
Roth,Alok,18,842
Smith,Sarah,41,843
Pomme,Robert,37,844
Picard,Alok,29,845
Roth,Ali,29,846
Pomme,Simon,14,847
Bond,Sarah,40,848
Smith,Alok,24,849
Kirk,Thomas,36,850
Picard,Hans,38,851
Roth,Alok,33,852
Wellington,Timothy,42,853
Di Lillo,Agaba,26,854
Smith,Thomas,33,855
Stephenson,Anna,41,856
Smith,Thomas,32,857
Gwahsi,Sarah,21,858
Smith,Timothy,23,859
Meier,Timothy,37,860
Beierlorzer,Ali,28,861
Mueller,Alok,38,862
Beierlorzer,Agaba,21,863
Picard,Sarah,28,864
Mueller,Zoe,41,865
Wellington,Andreas,44,866
Gwahsi,Simon,35,867
Pomme,Agaba,44,868
Beierlorzer,Alok,44,869
Picard,Timothy,30,870
Mueller,Agaba,31,871
Smith,Jean-Luc,32,872
Bond,Josie,26,873
Di Lillo,Sarah,44,874
Meier,Alok,21,875
Wellington,Jordi,48,876
Roth,Josie,31,877
Di Lillo,Jean-Luc,49,878
Wellington,Robert,45,879
Bond,Franz,28,880
Roth,Franz,38,881
Beierlorzer,Andreas,30,882
Smith,Lee,34,883
Meier,Hans,17,884
Stephenson,Jean-Luc,39,885
Picard,Thomas,40,886
Pomme,Ali,29,887
Picard,Timothy,45,888
Meier,Robert,41,889
Bond,Timothy,21,890
Smith,Alok,45,891
Stephenson,Agaba,26,892
Kirk,Andreas,25,893
Beierlorzer,Franz,44,894
Picard,Franz,31,895
Mueller,Franz,45,896
Mueller,Sarah,43,897
Roth,Jean-Luc,29,898
Pomme,Josie,47,899
Meier,Agaba,32,900
Di Lillo,Ali,30,901
Mueller,Josie,43,902
Beierlorzer,Simon,37,903
Meier,Jordi,30,904
Smith,Timothy,22,905
Bond,Anna,36,906
Wellington,Francine,35,907
Wellington,Jordi,23,908
Wellington,Ali,44,909
Mueller,Anna,38,910
Beierlorzer,Hans,26,911
Roth,Ali,44,912
Thronton,Alok,43,913
Roth,Ali,43,914
Smith,Jordi,29,915
Beierlorzer,Anna,32,916
Bond,Anna,53,917
Kirk,Robert,33,918
Thronton,Simon,54,919
Bond,Hans,36,920
Meier,Thomas,38,921
Kirk,Timothy,41,922
Roth,Thomas,20,923
Beierlorzer,Robert,6,924
Stephenson,Agaba,34,925
Roth,Simon,40,926
Beierlorzer,Anna,47,927
Wellington,Franz,33,928
Meier,Anna,52,929
Stephenson,Thomas,29,930
Wellington,Timothy,44,931
Di Lillo,Hans,42,932
Bond,Hans,37,933
Di Lillo,Ali,43,934
Roth,Simon,36,935
Pomme,Sarah,32,936
Bond,Franz,30,937
Di Lillo,Timothy,30,938
Bond,Ali,35,939
Meier,Francine,15,940
Gwahsi,Franz,26,941
Thronton,Alok,33,942
Stephenson,Ali,30,943
Smith,Timothy,33,944
Bond,Josie,45,945
Beierlorzer,Sarah,25,946
Gwahsi,Andreas,38,947
Wellington,Josie,43,948
Gwahsi,Josie,47,949
Gwahsi,Jordi,28,950
Meier,Alok,44,951
Wellington,Francine,27,952
Roth,Andreas,47,953
Beierlorzer,Agaba,26,954
Meier,Simon,28,955
Roth,Hans,38,956
Mueller,Josie,40,957
Bond,Francine,25,958
Bond,Josie,40,959
Stephenson,Zoe,33,960
Smith,Sarah,23,961
Picard,Anna,35,962
Roth,Jordi,45,963
Wellington,Simon,32,964
Kirk,Ali,28,965
Bond,Thomas,36,966
Thronton,Simon,33,967
Mueller,Alok,40,968
Pomme,Josie,42,969
Gwahsi,Sarah,49,970
Bond,Agaba,38,971
Stephenson,Sarah,37,972
Bond,Alok,29,973
Gwahsi,Lee,47,974
Wellington,Andreas,32,975
Bond,Lee,22,976
Smith,Jean-Luc,17,977
Thronton,Jordi,-5,978
Wellington,Lee,18,979
Meier,Ali,35,980
Thronton,Thomas,35,981
Stephenson,Lee,24,982
Kirk,Alok,41,983
Picard,Hans,48,984
Picard,Timothy,18,985
Stephenson,Timothy,20,986
Picard,Ali,49,987
Kirk,Zoe,47,988
Gwahsi,Franz,43,989
Kirk,Jean-Luc,26,990
Stephenson,Sarah,53,991
Smith,Alok,39,992
Roth,Ali,34,993
Mueller,Robert,42,994
Di Lillo,Robert,62,995
Kirk,Lee,19,996
Pomme,Franz,40,997
Gwahsi,Thomas,40,998
Beierlorzer,Jean-Luc,32,999
Thronton,Franz,28,1000
